Message ID,Spam/Ham,Spam/Ham Predict
4,ham,ham
9,ham,ham
19,ham,ham
30,ham,ham
31,ham,ham
49,ham,ham
53,ham,ham
64,ham,ham
74,ham,ham
88,ham,ham
92,ham,ham
112,ham,ham
118,ham,ham
130,ham,ham
149,ham,ham
153,ham,ham
161,ham,ham
188,ham,ham
198,ham,ham
229,ham,ham
237,ham,ham
238,ham,ham
242,ham,ham
246,ham,ham
276,ham,ham
279,ham,ham
284,ham,ham
285,ham,ham
341,ham,ham
358,ham,ham
367,ham,ham
388,ham,ham
417,ham,ham
427,ham,ham
432,ham,ham
438,ham,ham
491,ham,ham
507,ham,ham
511,ham,ham
516,ham,ham
544,ham,ham
549,ham,ham
551,ham,ham
564,ham,ham
580,ham,ham
586,ham,ham
588,ham,ham
599,ham,ham
630,ham,ham
640,ham,ham
664,ham,ham
675,ham,ham
690,ham,ham
691,ham,ham
694,ham,ham
695,ham,ham
705,ham,ham
734,ham,ham
746,ham,ham
760,ham,ham
765,ham,ham
776,ham,ham
777,ham,ham
778,ham,ham
782,ham,ham
813,ham,ham
821,ham,ham
829,ham,ham
832,ham,ham
833,ham,ham
855,ham,ham
861,ham,ham
882,ham,ham
900,ham,ham
911,ham,ham
920,ham,ham
924,ham,ham
934,ham,ham
954,ham,ham
956,ham,ham
963,ham,ham
966,ham,ham
1017,ham,ham
1018,ham,ham
1022,ham,ham
1046,ham,ham
1067,ham,ham
1069,ham,ham
1072,ham,ham
1084,ham,ham
1105,ham,ham
1131,ham,ham
1142,ham,ham
1147,ham,ham
1169,ham,ham
1175,ham,ham
1179,ham,ham
1189,ham,ham
1204,ham,ham
1241,ham,ham
1262,ham,ham
1271,ham,ham
1304,ham,ham
1318,ham,ham
1321,ham,ham
1322,ham,ham
1327,ham,ham
1336,ham,ham
1347,ham,ham
1360,ham,ham
1364,ham,ham
1369,ham,ham
1387,ham,ham
1391,ham,ham
1418,ham,ham
1421,ham,spam
1426,ham,ham
1448,ham,ham
1455,ham,ham
1462,ham,ham
1475,ham,ham
1476,ham,ham
1481,ham,ham
1483,ham,ham
1497,ham,ham
1504,ham,ham
1507,ham,ham
1510,ham,ham
1515,ham,ham
1520,ham,ham
1544,ham,ham
1546,ham,ham
1553,ham,ham
1559,ham,ham
1574,ham,ham
1598,ham,ham
1604,ham,ham
1608,ham,ham
1613,ham,ham
1620,ham,ham
1634,ham,ham
1657,ham,ham
1665,ham,ham
1666,ham,ham
1668,ham,ham
1672,ham,ham
1688,ham,ham
1690,ham,ham
1693,ham,ham
1710,ham,ham
1715,ham,ham
1718,ham,ham
1720,ham,ham
1722,ham,ham
1737,ham,ham
1750,ham,ham
1774,ham,ham
1790,ham,ham
1797,ham,ham
1799,ham,ham
1805,ham,ham
1808,ham,ham
1851,ham,ham
1853,ham,ham
1857,ham,ham
1880,ham,ham
1898,ham,ham
1921,ham,ham
1929,ham,ham
1935,ham,ham
1951,ham,ham
1964,ham,ham
1968,ham,ham
1973,ham,ham
1975,ham,ham
1983,ham,ham
1985,ham,ham
2009,ham,ham
2010,ham,ham
2018,ham,ham
2019,ham,ham
2066,ham,ham
2079,ham,ham
2098,ham,ham
2105,ham,ham
2107,ham,ham
2120,ham,ham
2130,ham,ham
2134,ham,ham
2190,ham,ham
2198,ham,ham
2218,ham,ham
2231,ham,ham
2237,ham,ham
2263,ham,ham
2265,ham,ham
2269,ham,ham
2270,ham,ham
2278,ham,ham
2322,ham,ham
2336,ham,ham
2338,ham,ham
2347,ham,ham
2382,ham,ham
2406,ham,ham
2415,ham,ham
2440,ham,ham
2456,ham,ham
2457,ham,ham
2478,ham,ham
2510,ham,ham
2520,ham,ham
2522,ham,ham
2535,ham,ham
2536,ham,ham
2551,ham,ham
2559,ham,ham
2566,ham,ham
2567,ham,ham
2568,ham,ham
2582,ham,ham
2590,ham,ham
2604,ham,ham
2613,ham,ham
2619,ham,ham
2633,ham,ham
2675,ham,ham
2677,ham,ham
2684,ham,ham
2690,ham,ham
2707,ham,ham
2711,ham,ham
2727,ham,ham
2766,ham,ham
2793,ham,ham
2795,ham,ham
2799,ham,ham
2800,ham,ham
2814,ham,ham
2852,ham,ham
2857,ham,ham
2868,ham,ham
2877,ham,ham
2879,ham,ham
2905,ham,ham
2921,ham,ham
2948,ham,ham
2950,ham,ham
2951,ham,ham
2954,ham,ham
2957,ham,ham
2965,ham,ham
2968,ham,ham
2985,ham,ham
3003,ham,ham
3009,ham,ham
3020,ham,ham
3031,ham,ham
3047,ham,ham
3053,ham,ham
3061,ham,ham
3062,ham,ham
3066,ham,ham
3067,ham,ham
3079,ham,ham
3084,ham,ham
3085,ham,ham
3103,ham,ham
3109,ham,ham
3133,ham,ham
3142,ham,ham
3147,ham,ham
3149,ham,ham
3156,ham,ham
3173,ham,ham
3174,ham,ham
3184,ham,ham
3208,ham,ham
3212,ham,ham
3229,ham,ham
3250,ham,ham
3275,ham,ham
3281,ham,ham
3294,ham,ham
3296,ham,ham
3300,ham,ham
3302,ham,ham
3307,ham,ham
3317,ham,ham
3318,ham,ham
3338,ham,ham
3343,ham,ham
3352,ham,ham
3370,ham,ham
3374,ham,ham
3378,ham,ham
3389,ham,ham
3398,ham,ham
3408,ham,ham
3410,ham,ham
3411,ham,ham
3426,ham,ham
3444,ham,ham
3454,ham,ham
3459,ham,ham
3468,ham,ham
3505,ham,ham
3508,ham,ham
3511,ham,ham
3537,ham,ham
3542,ham,ham
3545,ham,ham
3550,ham,ham
3557,ham,ham
3562,ham,ham
3567,ham,ham
3569,ham,spam
3576,ham,ham
3581,ham,ham
3594,ham,ham
3603,ham,ham
3607,ham,ham
3608,ham,ham
3615,ham,ham
3623,ham,ham
3625,ham,ham
3626,ham,ham
3639,ham,ham
3664,ham,ham
3666,ham,ham
3669,ham,ham
3677,spam,spam
3694,spam,spam
3697,spam,spam
3706,spam,ham
3730,spam,spam
3736,spam,spam
3738,spam,spam
3742,spam,spam
3745,spam,spam
3758,spam,spam
3759,spam,spam
3764,spam,spam
3786,spam,spam
3805,spam,ham
3819,spam,spam
3822,spam,spam
3824,spam,spam
3843,spam,spam
3848,spam,spam
3855,spam,spam
3865,spam,spam
3881,spam,spam
3892,spam,spam
3897,spam,spam
3905,spam,spam
3925,spam,spam
3928,spam,spam
3965,spam,spam
3968,spam,spam
3980,spam,spam
3982,spam,spam
3987,spam,spam
3988,spam,spam
3992,spam,spam
4005,spam,spam
4028,spam,spam
4052,spam,spam
4054,spam,spam
4067,spam,spam
4090,spam,spam
4121,spam,spam
4130,spam,spam
4134,spam,spam
4190,spam,spam
4216,spam,spam
4220,spam,spam
4227,spam,spam
4235,spam,spam
4260,spam,spam
4267,spam,spam
4272,spam,spam
4279,spam,spam
4281,spam,spam
4293,spam,spam
4329,spam,spam
4331,spam,spam
4333,spam,spam
4336,spam,spam
4347,spam,spam
4348,spam,spam
4355,spam,spam
4356,spam,spam
4360,spam,spam
4362,spam,spam
4364,spam,spam
4368,spam,spam
4400,spam,spam
4406,spam,spam
4410,spam,spam
4415,spam,spam
4423,spam,spam
4436,spam,spam
4440,spam,spam
4443,spam,spam
4447,spam,spam
4452,spam,spam
4454,spam,spam
4470,spam,spam
4476,spam,spam
4483,spam,spam
4484,spam,spam
4485,spam,spam
4506,spam,spam
4508,spam,spam
4519,spam,spam
4531,spam,spam
4534,spam,spam
4541,spam,spam
4544,spam,spam
4561,spam,spam
4567,spam,spam
4571,spam,spam
4575,spam,spam
4582,spam,spam
4587,spam,spam
4588,spam,spam
4595,spam,spam
4598,spam,spam
4610,spam,spam
4611,spam,spam
4613,spam,spam
4624,spam,spam
4626,spam,spam
4631,spam,spam
4637,spam,spam
4653,spam,spam
4655,spam,ham
4657,spam,spam
4688,spam,spam
4695,spam,spam
4716,spam,spam
4727,spam,spam
4729,spam,spam
4740,spam,spam
4756,spam,spam
4774,spam,spam
4778,spam,spam
4790,spam,spam
4796,spam,spam
4802,spam,spam
4804,spam,spam
4815,spam,spam
4821,spam,spam
4827,spam,spam
4849,spam,spam
4862,spam,spam
4865,spam,spam
4873,spam,spam
4876,spam,spam
4887,spam,spam
4889,spam,spam
4892,spam,spam
4896,spam,spam
4897,spam,spam
4898,spam,spam
4903,spam,spam
4911,spam,spam
4937,spam,spam
4953,spam,spam
4978,spam,spam
4984,spam,spam
5000,spam,spam
5003,spam,spam
5012,spam,spam
5029,spam,spam
5032,spam,spam
5055,spam,spam
5056,spam,spam
5083,spam,spam
5086,spam,spam
5094,spam,spam
5100,spam,spam
5105,spam,spam
5108,spam,spam
5124,spam,spam
5125,spam,spam
5126,spam,spam
5135,spam,spam
5163,spam,spam
5168,spam,spam
5170,spam,ham
5184,ham,ham
5186,ham,ham
5189,ham,ham
5192,ham,ham
5207,ham,ham
5228,ham,ham
5240,ham,ham
5247,ham,ham
5264,ham,ham
5271,ham,ham
5286,ham,ham
5291,ham,ham
5292,ham,ham
5293,ham,ham
5311,ham,ham
5324,ham,ham
5329,ham,ham
5332,ham,ham
5342,ham,ham
5364,ham,ham
5372,ham,ham
5392,ham,ham
5416,ham,ham
5421,ham,ham
5434,ham,ham
5441,ham,ham
5442,ham,ham
5444,ham,ham
5460,ham,ham
5486,ham,ham
5493,ham,ham
5500,ham,ham
5502,ham,ham
5504,ham,ham
5518,ham,ham
5520,ham,ham
5521,ham,ham
5528,ham,ham
5534,ham,ham
5540,ham,ham
5562,ham,ham
5563,ham,ham
5594,ham,ham
5595,ham,ham
5599,ham,ham
5601,ham,ham
5637,ham,ham
5639,ham,ham
5643,ham,ham
5645,ham,ham
5655,ham,ham
5670,ham,ham
5673,ham,ham
5677,ham,ham
5688,ham,ham
5702,ham,ham
5714,ham,ham
5718,ham,ham
5721,ham,ham
5732,ham,ham
5737,ham,ham
5739,ham,ham
5740,ham,ham
5742,ham,ham
5763,ham,ham
5766,ham,ham
5773,ham,ham
5822,ham,ham
5823,ham,ham
5841,ham,ham
5852,ham,ham
5854,ham,ham
5857,ham,ham
5864,ham,ham
5865,ham,ham
5871,ham,ham
5930,ham,ham
5937,ham,ham
5939,ham,ham
5949,ham,ham
5972,ham,ham
5980,ham,ham
5982,ham,ham
5984,ham,ham
6019,ham,ham
6033,ham,ham
6066,ham,ham
6087,ham,ham
6151,ham,ham
6160,ham,ham
6170,ham,ham
6194,ham,ham
6205,ham,ham
6221,ham,ham
6226,ham,ham
6245,ham,ham
6267,ham,ham
6269,ham,ham
6272,ham,ham
6280,ham,ham
6296,ham,ham
6297,ham,ham
6306,ham,ham
6310,ham,ham
6325,ham,ham
6334,ham,ham
6346,ham,ham
6349,ham,ham
6353,ham,ham
6361,ham,ham
6368,ham,ham
6372,ham,ham
6378,ham,ham
6386,ham,ham
6413,ham,ham
6415,ham,ham
6439,ham,ham
6448,ham,ham
6464,ham,ham
6495,ham,ham
6496,ham,ham
6500,ham,ham
6501,ham,ham
6508,ham,ham
6530,ham,ham
6561,ham,ham
6577,ham,ham
6596,ham,ham
6600,ham,ham
6626,ham,ham
6637,ham,ham
6638,ham,ham
6640,ham,ham
6666,ham,ham
6672,ham,ham
6675,ham,ham
6677,ham,ham
6679,ham,ham
6687,ham,ham
6698,ham,ham
6708,ham,ham
6714,ham,ham
6721,ham,ham
6723,ham,ham
6740,ham,ham
6749,ham,ham
6757,ham,ham
6768,ham,ham
6775,ham,ham
6777,ham,ham
6790,ham,ham
6798,ham,ham
6814,ham,ham
6815,ham,ham
6816,ham,ham
6818,ham,ham
6828,ham,ham
6833,ham,ham
6841,ham,ham
6846,ham,ham
6865,ham,ham
6910,ham,ham
6912,ham,ham
6925,ham,ham
6945,ham,ham
6967,ham,ham
6968,ham,ham
6974,ham,ham
7003,ham,ham
7004,ham,ham
7007,ham,ham
7017,ham,ham
7039,ham,ham
7048,ham,ham
7059,ham,ham
7065,ham,ham
7072,ham,ham
7101,ham,ham
7117,ham,ham
7125,ham,ham
7129,ham,ham
7176,ham,ham
7177,ham,ham
7179,ham,ham
7183,ham,ham
7197,ham,ham
7208,ham,ham
7216,ham,ham
7244,ham,ham
7290,ham,ham
7301,ham,ham
7325,ham,ham
7332,ham,ham
7344,ham,ham
7357,ham,ham
7369,ham,ham
7372,ham,ham
7375,ham,ham
7402,ham,ham
7420,ham,ham
7423,ham,ham
7428,ham,ham
7431,ham,ham
7437,ham,ham
7443,ham,ham
7453,ham,ham
7472,ham,ham
7484,ham,ham
7490,ham,ham
7493,ham,ham
7505,ham,ham
7508,ham,ham
7511,ham,ham
7516,ham,ham
7520,ham,ham
7547,ham,ham
7560,ham,ham
7575,ham,ham
7580,ham,ham
7581,ham,ham
7586,ham,ham
7591,ham,ham
7596,ham,ham
7602,ham,ham
7625,ham,ham
7631,ham,ham
7632,ham,ham
7638,ham,ham
7641,ham,ham
7645,ham,ham
7656,ham,ham
7660,ham,ham
7665,ham,ham
7666,ham,ham
7670,ham,ham
7673,ham,ham
7679,ham,ham
7682,ham,ham
7697,ham,ham
7702,ham,ham
7721,ham,ham
7729,ham,ham
7741,ham,ham
7749,ham,ham
7750,ham,ham
7753,ham,ham
7758,ham,ham
7775,ham,ham
7778,ham,ham
7786,ham,ham
7798,ham,ham
7818,ham,ham
7830,ham,ham
7868,ham,ham
7874,ham,ham
7877,ham,ham
7890,ham,ham
7912,ham,ham
7925,ham,ham
7929,ham,ham
7942,ham,ham
7944,ham,ham
7947,ham,ham
7953,ham,ham
7957,ham,ham
7959,ham,ham
7976,ham,ham
7984,ham,ham
7991,ham,ham
8007,ham,ham
8010,ham,ham
8031,ham,ham
8094,ham,ham
8096,ham,ham
8103,ham,ham
8106,ham,ham
8140,ham,ham
8143,ham,ham
8158,ham,ham
8172,ham,ham
8186,ham,ham
8189,ham,ham
8190,ham,ham
8215,ham,ham
8217,ham,ham
8233,ham,ham
8237,ham,ham
8251,ham,ham
8253,ham,ham
8266,ham,ham
8276,ham,ham
8280,ham,ham
8282,ham,ham
8286,ham,ham
8287,ham,ham
8291,ham,ham
8296,ham,ham
8299,ham,ham
8303,ham,ham
8304,ham,ham
8305,ham,ham
8311,ham,ham
8323,ham,ham
8334,ham,ham
8346,ham,ham
8349,ham,ham
8356,ham,ham
8363,ham,ham
8367,ham,ham
8381,ham,ham
8385,ham,ham
8400,ham,ham
8418,ham,ham
8430,ham,spam
8434,ham,ham
8435,ham,ham
8452,ham,ham
8457,ham,ham
8479,ham,ham
8484,ham,ham
8490,ham,ham
8514,ham,ham
8523,ham,ham
8524,ham,ham
8528,ham,ham
8530,ham,ham
8540,ham,ham
8552,ham,ham
8560,ham,ham
8571,ham,ham
8575,ham,ham
8579,ham,ham
8586,ham,ham
8610,ham,ham
8619,ham,ham
8651,ham,ham
8672,ham,ham
8679,ham,ham
8697,ham,ham
8701,ham,ham
8741,ham,ham
8745,ham,ham
8771,ham,ham
8786,ham,ham
8792,ham,ham
8797,ham,ham
8809,ham,ham
8825,ham,ham
8838,ham,ham
8850,ham,ham
8869,ham,ham
8877,ham,ham
8880,ham,ham
8886,ham,ham
8891,ham,ham
8893,ham,ham
8894,ham,ham
8898,ham,ham
8900,ham,ham
8902,ham,ham
8915,ham,ham
8934,ham,ham
8951,ham,ham
8973,ham,ham
8987,ham,ham
8994,ham,ham
9005,ham,spam
9009,ham,ham
9030,ham,ham
9039,ham,ham
9042,ham,ham
9075,ham,ham
9097,ham,ham
9127,ham,ham
9128,ham,ham
9146,ham,ham
9147,ham,ham
9165,ham,ham
9182,ham,ham
9189,ham,ham
9193,ham,ham
9201,ham,ham
9212,ham,ham
9216,ham,ham
9237,ham,ham
9249,ham,ham
9255,ham,ham
9261,ham,ham
9271,ham,ham
9276,ham,ham
9281,ham,ham
9286,ham,ham
9287,ham,ham
9297,ham,ham
9308,ham,ham
9311,ham,ham
9317,ham,ham
9328,ham,ham
9335,ham,ham
9345,ham,ham
9346,ham,ham
9348,ham,ham
9352,ham,ham
9358,ham,ham
9360,ham,ham
9370,ham,ham
9378,ham,ham
9379,ham,ham
9382,ham,ham
9383,ham,ham
9388,ham,ham
9392,ham,ham
9395,ham,ham
9398,ham,ham
9406,ham,ham
9415,ham,ham
9417,ham,ham
9432,ham,ham
9434,ham,ham
9442,ham,ham
9457,ham,ham
9462,ham,ham
9466,ham,ham
9469,ham,ham
9475,ham,ham
9477,ham,ham
9482,ham,ham
9484,ham,ham
9508,ham,ham
9515,ham,ham
9518,ham,spam
9535,spam,spam
9542,spam,spam
9554,spam,spam
9559,spam,spam
9573,spam,spam
9574,spam,spam
9584,spam,spam
9585,spam,spam
9588,spam,spam
9604,spam,spam
9605,spam,spam
9611,spam,spam
9628,spam,spam
9630,spam,spam
9642,spam,spam
9664,spam,spam
9693,spam,spam
9695,spam,spam
9709,spam,spam
9721,spam,spam
9722,spam,spam
9735,spam,spam
9753,spam,spam
9771,spam,spam
9778,spam,spam
9781,spam,spam
9808,spam,spam
9830,spam,spam
9870,spam,spam
9873,spam,spam
9878,spam,spam
9880,spam,spam
9900,spam,spam
9904,spam,spam
9914,spam,spam
9919,spam,spam
9925,spam,spam
9992,spam,spam
9994,spam,spam
10000,spam,spam
10004,spam,spam
10034,spam,spam
10045,spam,spam
10046,spam,spam
10049,spam,spam
10059,spam,spam
10071,spam,spam
10073,spam,spam
10076,spam,spam
10085,spam,spam
10095,spam,spam
10099,spam,spam
10108,spam,spam
10118,spam,spam
10120,spam,spam
10127,spam,spam
10144,spam,spam
10148,spam,spam
10152,spam,spam
10160,spam,spam
10161,spam,spam
10169,spam,spam
10183,spam,spam
10191,spam,spam
10195,spam,spam
10222,spam,spam
10224,spam,spam
10226,spam,spam
10235,spam,spam
10240,spam,spam
10242,spam,spam
10248,spam,spam
10250,spam,spam
10256,spam,spam
10289,spam,spam
10297,spam,spam
10307,spam,spam
10312,spam,spam
10317,spam,spam
10326,spam,spam
10332,spam,spam
10339,spam,spam
10341,spam,spam
10353,spam,spam
10370,spam,spam
10371,spam,spam
10372,spam,spam
10379,spam,spam
10383,spam,ham
10396,spam,spam
10398,spam,spam
10399,spam,spam
10406,spam,spam
10407,spam,spam
10427,spam,spam
10431,spam,spam
10438,spam,spam
10439,spam,spam
10444,spam,spam
10453,spam,spam
10454,spam,spam
10458,spam,spam
10459,spam,spam
10473,spam,spam
10486,spam,spam
10498,spam,spam
10501,spam,spam
10503,spam,spam
10521,spam,spam
10527,spam,spam
10536,spam,spam
10540,spam,spam
10567,spam,spam
10572,spam,spam
10595,spam,spam
10599,spam,spam
10604,spam,spam
10605,spam,spam
10610,spam,spam
10618,spam,spam
10622,spam,spam
10625,spam,spam
10629,spam,spam
10647,spam,spam
10666,spam,spam
10679,spam,spam
10680,spam,spam
10696,spam,spam
10708,spam,spam
10709,spam,spam
10711,spam,spam
10716,spam,spam
10718,spam,spam
10720,spam,spam
10725,spam,spam
10737,spam,spam
10744,spam,spam
10746,spam,spam
10749,spam,spam
10758,spam,spam
10797,spam,spam
10798,spam,spam
10802,spam,spam
10812,spam,spam
10817,spam,spam
10825,spam,spam
10842,spam,spam
10863,spam,spam
10935,spam,spam
10940,spam,spam
10957,spam,spam
10964,spam,spam
10966,spam,spam
10985,spam,spam
10989,spam,spam
10997,spam,spam
10998,spam,spam
11004,spam,spam
11005,spam,spam
11012,spam,ham
11036,ham,ham
11038,ham,ham
11039,ham,ham
11042,ham,ham
11044,ham,ham
11054,ham,ham
11060,ham,ham
11087,ham,ham
11112,ham,ham
11137,ham,ham
11142,ham,ham
11151,ham,ham
11155,ham,ham
11157,ham,ham
11159,ham,ham
11161,ham,ham
11175,ham,ham
11181,ham,ham
11208,ham,ham
11215,ham,ham
11231,ham,ham
11241,ham,ham
11244,ham,ham
11248,ham,ham
11264,ham,ham
11267,ham,ham
11286,ham,ham
11290,ham,ham
11294,ham,ham
11296,ham,ham
11297,ham,ham
11314,ham,ham
11315,ham,ham
11331,ham,ham
11347,ham,ham
11348,ham,ham
11349,ham,ham
11350,ham,ham
11367,ham,ham
11368,ham,ham
11369,ham,ham
11371,ham,ham
11380,ham,ham
11382,ham,ham
11385,ham,ham
11392,ham,ham
11399,ham,ham
11403,ham,ham
11412,ham,ham
11419,ham,ham
11424,ham,ham
11435,ham,ham
11441,ham,ham
11446,ham,ham
11472,ham,ham
11493,ham,ham
11498,ham,ham
11501,ham,ham
11512,ham,ham
11516,ham,ham
11518,ham,ham
11551,ham,ham
11559,ham,ham
11565,ham,ham
11567,ham,ham
11584,ham,ham
11587,ham,ham
11591,ham,ham
11592,ham,ham
11615,ham,ham
11620,ham,ham
11651,ham,ham
11683,ham,ham
11695,ham,ham
11701,ham,ham
11746,ham,ham
11773,ham,ham
11776,ham,ham
11785,ham,ham
11797,ham,ham
11800,ham,ham
11816,ham,ham
11831,ham,ham
11849,ham,ham
11863,ham,ham
11876,ham,ham
11906,ham,ham
11915,ham,ham
11925,ham,ham
11926,ham,ham
11927,ham,ham
11928,ham,ham
11936,ham,ham
11946,ham,spam
11951,ham,ham
11960,ham,ham
11968,ham,ham
11992,ham,ham
12002,ham,ham
12004,ham,ham
12011,ham,ham
12052,ham,ham
12053,ham,ham
12106,ham,ham
12122,ham,ham
12127,ham,ham
12132,ham,ham
12152,ham,ham
12153,ham,ham
12181,ham,ham
12183,ham,ham
12208,ham,ham
12212,ham,ham
12217,ham,ham
12225,ham,ham
12231,ham,ham
12267,ham,ham
12278,ham,ham
12332,ham,ham
12334,ham,ham
12340,ham,ham
12345,ham,ham
12347,ham,ham
12377,ham,ham
12407,ham,ham
12430,ham,ham
12431,ham,ham
12470,ham,ham
12474,ham,ham
12496,ham,ham
12529,ham,ham
12536,ham,ham
12537,ham,ham
12539,ham,ham
12540,ham,ham
12553,ham,ham
12559,ham,ham
12562,ham,ham
12565,ham,ham
12579,ham,ham
12585,ham,ham
12589,ham,ham
12603,ham,ham
12611,ham,ham
12612,ham,ham
12615,ham,ham
12624,ham,ham
12633,ham,ham
12639,ham,ham
12652,ham,ham
12657,ham,ham
12660,ham,ham
12668,ham,ham
12670,ham,ham
12683,ham,ham
12692,ham,ham
12703,ham,ham
12706,ham,ham
12736,ham,ham
12742,ham,ham
12747,ham,ham
12760,ham,ham
12766,ham,ham
12769,ham,ham
12772,ham,ham
12781,ham,ham
12809,ham,ham
12814,ham,ham
12821,ham,ham
12839,ham,ham
12845,ham,ham
12848,ham,ham
12849,ham,ham
12858,ham,ham
12864,ham,ham
12874,ham,ham
12875,ham,ham
12877,ham,ham
12890,ham,ham
12901,ham,ham
12930,ham,ham
12941,ham,ham
12947,ham,ham
12950,ham,ham
12953,ham,ham
12962,ham,ham
12969,ham,ham
12990,ham,ham
13007,ham,ham
13017,ham,ham
13024,ham,ham
13030,ham,ham
13031,ham,ham
13033,ham,ham
13038,ham,ham
13044,ham,ham
13046,ham,ham
13053,ham,ham
13067,ham,ham
13070,ham,ham
13074,ham,ham
13076,ham,ham
13086,ham,ham
13094,ham,ham
13096,ham,ham
13102,ham,ham
13105,ham,ham
13121,ham,ham
13132,ham,ham
13138,ham,ham
13147,ham,ham
13182,ham,ham
13183,ham,ham
13194,ham,ham
13197,ham,ham
13202,ham,ham
13204,ham,ham
13222,ham,ham
13263,ham,ham
13265,ham,ham
13267,ham,ham
13273,ham,ham
13304,ham,ham
13320,ham,ham
13328,ham,ham
13335,ham,ham
13349,ham,ham
13350,ham,ham
13370,ham,ham
13402,ham,ham
13422,ham,ham
13451,ham,ham
13455,ham,ham
13473,ham,ham
13479,ham,ham
13491,ham,ham
13515,ham,ham
13524,ham,ham
13525,ham,ham
13526,ham,ham
13564,ham,ham
13594,ham,ham
13595,ham,ham
13597,ham,ham
13599,ham,ham
13601,ham,ham
13612,ham,ham
13641,ham,ham
13669,ham,ham
13696,ham,ham
13704,ham,ham
13706,ham,ham
13711,ham,ham
13716,ham,ham
13717,ham,ham
13722,ham,ham
13778,ham,ham
13795,ham,ham
13806,ham,ham
13834,ham,ham
13841,ham,ham
13850,ham,ham
13884,ham,ham
13908,ham,ham
13909,ham,ham
13923,ham,ham
13928,ham,ham
13930,ham,ham
13985,ham,ham
13992,ham,ham
14004,ham,ham
14015,ham,ham
14016,ham,ham
14019,ham,ham
14022,ham,ham
14031,ham,ham
14036,ham,ham
14047,ham,ham
14067,ham,ham
14072,ham,ham
14087,ham,ham
14133,ham,ham
14162,ham,ham
14171,ham,ham
14174,ham,ham
14209,ham,ham
14222,ham,ham
14227,ham,ham
14236,ham,ham
14238,ham,ham
14239,ham,ham
14245,ham,ham
14260,ham,ham
14267,ham,ham
14270,ham,ham
14277,ham,ham
14280,ham,ham
14296,ham,ham
14339,ham,ham
14350,ham,spam
14357,ham,ham
14361,ham,ham
14366,ham,ham
14371,ham,ham
14380,ham,ham
14387,ham,ham
14399,ham,ham
14404,ham,ham
14411,ham,ham
14422,ham,ham
14426,ham,ham
14433,ham,ham
14452,ham,ham
14455,ham,ham
14467,ham,ham
14483,ham,ham
14484,ham,ham
14494,ham,ham
14513,ham,ham
14524,ham,ham
14527,ham,ham
14551,ham,ham
14553,ham,ham
14561,ham,ham
14578,ham,ham
14583,ham,ham
14584,ham,ham
14586,ham,ham
14628,ham,ham
14636,ham,ham
14638,ham,ham
14640,ham,ham
14644,ham,ham
14653,ham,ham
14656,ham,ham
14662,ham,ham
14682,ham,ham
14700,ham,ham
14725,ham,ham
14741,ham,ham
14747,ham,ham
14750,ham,ham
14757,ham,ham
14759,ham,ham
14779,ham,ham
14781,ham,ham
14791,ham,ham
14793,ham,ham
14804,ham,ham
14808,ham,ham
14868,ham,ham
14871,ham,ham
14875,ham,ham
14889,ham,ham
14894,ham,ham
14899,ham,ham
14915,ham,ham
14916,ham,ham
14955,ham,ham
14970,ham,ham
14973,ham,ham
14979,ham,ham
14982,ham,ham
15017,ham,ham
15021,ham,ham
15023,ham,ham
15034,ham,ham
15036,ham,ham
15037,ham,spam
15046,spam,spam
15054,spam,spam
15061,spam,spam
15062,spam,spam
15063,spam,spam
15074,spam,spam
15079,spam,spam
15094,spam,spam
15121,spam,spam
15126,spam,spam
15137,spam,spam
15180,spam,spam
15182,spam,spam
15213,spam,spam
15222,spam,spam
15237,spam,spam
15252,spam,spam
15255,spam,spam
15261,spam,spam
15280,spam,spam
15309,spam,spam
15332,spam,spam
15334,spam,spam
15343,spam,spam
15346,spam,spam
15349,spam,spam
15374,spam,spam
15386,spam,spam
15390,spam,spam
15395,spam,spam
15408,spam,spam
15419,spam,spam
15432,spam,spam
15433,spam,spam
15437,spam,spam
15445,spam,spam
15450,spam,spam
15466,spam,spam
15476,spam,spam
15483,spam,spam
15485,spam,spam
15490,spam,spam
15498,spam,spam
15503,spam,spam
15507,spam,spam
15510,spam,spam
15513,spam,spam
15517,spam,spam
15521,spam,spam
15534,spam,spam
15544,spam,spam
15565,spam,spam
15580,spam,spam
15584,spam,spam
15587,spam,spam
15593,spam,spam
15609,spam,spam
15615,spam,spam
15623,spam,spam
15633,spam,spam
15654,spam,spam
15656,spam,spam
15659,spam,spam
15662,spam,spam
15664,spam,spam
15680,spam,spam
15698,spam,spam
15718,spam,spam
15719,spam,spam
15721,spam,spam
15763,spam,spam
15777,spam,spam
15785,spam,spam
15790,spam,spam
15800,spam,spam
15824,spam,spam
15842,spam,spam
15873,spam,spam
15880,spam,spam
15889,spam,spam
15907,spam,spam
15926,spam,spam
15932,spam,spam
15933,spam,spam
15943,spam,spam
15948,spam,spam
15960,spam,spam
15981,spam,spam
15990,spam,spam
16009,spam,spam
16014,spam,spam
16022,spam,spam
16023,spam,spam
16029,spam,spam
16032,spam,spam
16049,spam,spam
16075,spam,spam
16079,spam,spam
16081,spam,spam
16082,spam,spam
16086,spam,spam
16089,spam,spam
16092,spam,spam
16098,spam,spam
16104,spam,spam
16110,spam,spam
16117,spam,spam
16141,spam,spam
16174,spam,spam
16178,spam,spam
16184,spam,spam
16196,spam,spam
16197,spam,spam
16201,spam,spam
16228,spam,spam
16247,spam,spam
16251,spam,spam
16264,spam,spam
16308,spam,spam
16310,spam,spam
16314,spam,spam
16315,spam,spam
16319,spam,spam
16335,spam,spam
16341,spam,spam
16350,spam,spam
16353,spam,spam
16363,spam,spam
16364,spam,spam
16382,spam,spam
16399,spam,spam
16403,spam,spam
16424,spam,spam
16433,spam,spam
16436,spam,spam
16449,spam,spam
16457,spam,spam
16469,spam,spam
16478,spam,spam
16482,spam,spam
16492,spam,spam
16496,spam,spam
16497,spam,spam
16498,spam,spam
16502,spam,spam
16518,spam,spam
16519,spam,spam
16524,spam,spam
16530,spam,spam
16532,spam,ham
16544,ham,ham
16545,ham,ham
16592,ham,ham
16595,ham,ham
16612,ham,ham
16614,ham,ham
16619,ham,ham
16623,ham,ham
16627,ham,ham
16634,ham,ham
16646,ham,ham
16661,ham,ham
16677,ham,ham
16682,ham,ham
16691,ham,ham
16692,ham,ham
16697,ham,ham
16699,ham,ham
16700,ham,ham
16716,ham,ham
16719,ham,ham
16738,ham,ham
16740,ham,ham
16752,ham,ham
16767,ham,ham
16768,ham,ham
16780,ham,ham
16793,ham,ham
16794,ham,ham
16801,ham,ham
16808,ham,ham
16812,ham,ham
16818,ham,ham
16822,ham,ham
16831,ham,ham
16836,ham,ham
16841,ham,ham
16864,ham,ham
16865,ham,ham
16884,ham,ham
16896,ham,ham
16899,ham,ham
16907,ham,ham
16924,ham,ham
16977,ham,ham
16978,ham,ham
16994,ham,ham
17024,ham,ham
17026,ham,ham
17030,ham,ham
17039,ham,ham
17044,ham,ham
17066,ham,ham
17077,ham,ham
17087,ham,ham
17089,ham,ham
17099,ham,ham
17123,ham,ham
17157,ham,ham
17167,ham,ham
17179,ham,ham
17190,ham,ham
17200,ham,ham
17223,ham,ham
17270,ham,ham
17276,ham,ham
17297,ham,ham
17299,ham,ham
17311,ham,ham
17361,ham,ham
17382,ham,ham
17388,ham,ham
17402,ham,ham
17412,ham,ham
17432,ham,ham
17464,ham,ham
17468,ham,ham
17473,ham,ham
17480,ham,ham
17483,ham,ham
17498,ham,ham
17501,ham,ham
17513,ham,ham
17537,ham,ham
17543,ham,ham
17549,ham,ham
17565,ham,ham
17572,ham,ham
17578,ham,ham
17579,ham,ham
17603,ham,ham
17606,ham,ham
17619,ham,ham
17632,ham,ham
17655,ham,ham
17664,ham,ham
17676,ham,ham
17693,ham,ham
17695,ham,ham
17700,ham,ham
17702,ham,ham
17718,ham,ham
17721,ham,ham
17750,ham,ham
17751,ham,ham
17767,ham,ham
17778,ham,ham
17785,ham,ham
17786,ham,ham
17803,ham,ham
17804,ham,ham
17805,ham,ham
17815,ham,ham
17819,ham,ham
17833,ham,ham
17850,ham,ham
17859,ham,ham
17865,ham,ham
17879,ham,ham
17882,ham,ham
17897,ham,ham
17905,ham,ham
17906,ham,ham
17911,ham,ham
17928,ham,ham
17932,ham,ham
17950,ham,ham
17951,ham,ham
17953,ham,ham
17960,ham,ham
17972,ham,ham
17980,ham,ham
17982,ham,ham
17986,ham,ham
17993,ham,ham
17998,ham,ham
18000,ham,ham
18009,ham,ham
18025,ham,ham
18033,ham,ham
18034,ham,spam
18058,spam,ham
18098,spam,spam
18102,spam,spam
18111,spam,spam
18123,spam,spam
18133,spam,ham
18137,spam,spam
18150,spam,spam
18155,spam,spam
18169,spam,spam
18176,spam,spam
18196,spam,spam
18209,spam,spam
18213,spam,spam
18217,spam,spam
18227,spam,spam
18234,spam,spam
18265,spam,spam
18276,spam,spam
18278,spam,spam
18279,spam,spam
18291,spam,spam
18296,spam,spam
18298,spam,spam
18310,spam,spam
18316,spam,spam
18328,spam,spam
18353,spam,spam
18380,spam,spam
18421,spam,spam
18429,spam,spam
18439,spam,ham
18443,spam,spam
18449,spam,spam
18465,spam,spam
18466,spam,spam
18476,spam,spam
18522,spam,spam
18528,spam,spam
18543,spam,spam
18544,spam,spam
18566,spam,spam
18587,spam,spam
18590,spam,spam
18597,spam,spam
18613,spam,spam
18664,spam,spam
18671,spam,spam
18672,spam,spam
18705,spam,spam
18727,spam,spam
18749,spam,spam
18750,spam,spam
18764,spam,spam
18765,spam,spam
18767,spam,spam
18776,spam,spam
18787,spam,spam
18797,spam,spam
18824,spam,spam
18825,spam,spam
18835,spam,spam
18844,spam,spam
18853,spam,spam
18861,spam,spam
18880,spam,spam
18882,spam,spam
18883,spam,spam
18886,spam,spam
18898,spam,spam
18901,spam,spam
18912,spam,spam
18919,spam,spam
18923,spam,spam
18943,spam,spam
18947,spam,spam
18948,spam,spam
18956,spam,spam
18960,spam,spam
18963,spam,spam
18966,spam,spam
18976,spam,spam
18978,spam,spam
18979,spam,spam
18990,spam,spam
18993,spam,spam
19009,spam,spam
19012,spam,spam
19017,spam,spam
19021,spam,spam
19026,spam,spam
19032,spam,spam
19035,spam,spam
19041,spam,spam
19044,spam,spam
19045,spam,spam
19061,spam,spam
19078,spam,spam
19094,spam,spam
19098,spam,spam
19099,spam,spam
19100,spam,spam
19101,spam,spam
19102,spam,spam
19104,spam,spam
19106,spam,spam
19111,spam,spam
19114,spam,spam
19138,spam,spam
19141,spam,spam
19150,spam,spam
19151,spam,spam
19159,spam,spam
19160,spam,spam
19167,spam,spam
19173,spam,spam
19179,spam,spam
19183,spam,spam
19188,spam,spam
19191,spam,spam
19201,spam,spam
19211,spam,spam
19221,spam,spam
19224,spam,spam
19226,spam,spam
19236,spam,spam
19243,spam,spam
19252,spam,spam
19268,spam,spam
19282,spam,spam
19288,spam,spam
19293,spam,spam
19295,spam,spam
19298,spam,spam
19331,spam,spam
19349,spam,spam
19362,spam,spam
19373,spam,spam
19375,spam,spam
19385,spam,spam
19391,spam,spam
19394,spam,spam
19424,spam,spam
19428,spam,spam
19452,spam,spam
19474,spam,spam
19479,spam,spam
19485,spam,spam
19514,spam,spam
19530,spam,spam
19535,spam,spam
19537,spam,spam
19539,spam,spam
19563,spam,spam
19584,spam,spam
19602,spam,spam
19607,spam,spam
19625,spam,spam
19631,spam,spam
19638,spam,spam
19640,spam,spam
19669,spam,spam
19689,spam,spam
19712,spam,spam
19717,spam,spam
19736,spam,spam
19760,spam,spam
19762,spam,spam
19795,spam,spam
19812,spam,spam
19820,spam,spam
19822,spam,spam
19837,spam,spam
19863,spam,spam
19869,spam,spam
19894,spam,spam
19895,spam,spam
19911,spam,spam
19921,spam,ham
19931,spam,spam
19937,spam,spam
19946,spam,spam
20000,spam,spam
20003,spam,spam
20009,spam,spam
20015,spam,spam
20024,spam,spam
20031,spam,spam
20058,spam,spam
20082,spam,spam
20097,spam,spam
20110,spam,spam
20120,spam,spam
20124,spam,spam
20137,spam,spam
20147,spam,spam
20152,spam,spam
20170,spam,spam
20171,spam,spam
20191,spam,spam
20211,spam,spam
20215,spam,spam
20221,spam,spam
20225,spam,ham
20229,spam,ham
20237,spam,spam
20245,spam,spam
20246,spam,spam
20250,spam,spam
20253,spam,spam
20263,spam,spam
20265,spam,spam
20270,spam,spam
20271,spam,spam
20287,spam,spam
20290,spam,spam
20291,spam,spam
20294,spam,spam
20299,spam,spam
20320,spam,spam
20327,spam,spam
20380,spam,spam
20385,spam,spam
20388,spam,spam
20396,spam,spam
20397,spam,spam
20398,spam,spam
20401,spam,spam
20404,spam,spam
20412,spam,spam
20435,spam,spam
20436,spam,spam
20456,spam,spam
20471,spam,spam
20478,spam,spam
20480,spam,spam
20481,spam,spam
20485,spam,spam
20502,spam,spam
20564,spam,spam
20565,spam,spam
20574,spam,spam
20579,spam,spam
20583,spam,spam
20605,spam,spam
20615,spam,spam
20621,spam,spam
20633,spam,spam
20637,spam,spam
20648,spam,spam
20672,spam,spam
20674,spam,spam
20679,spam,spam
20680,spam,spam
20681,spam,spam
20699,spam,spam
20705,spam,spam
20712,spam,spam
20716,spam,spam
20721,spam,spam
20758,spam,spam
20762,spam,spam
20768,spam,spam
20769,spam,spam
20783,spam,spam
20800,spam,spam
20827,spam,spam
20832,spam,spam
20841,spam,spam
20842,spam,spam
20850,spam,spam
20855,spam,spam
20858,spam,spam
20866,spam,spam
20880,spam,spam
20917,spam,spam
20918,spam,spam
20926,spam,spam
20941,spam,spam
20944,spam,spam
20947,spam,spam
20954,spam,spam
20959,spam,spam
20965,spam,spam
20968,spam,spam
20971,spam,ham
20996,spam,spam
21001,spam,spam
21032,spam,spam
21067,spam,spam
21078,spam,spam
21100,spam,spam
21143,spam,spam
21147,spam,spam
21152,spam,spam
21171,spam,spam
21185,spam,spam
21192,spam,spam
21199,spam,spam
21208,spam,spam
21213,spam,spam
21224,spam,spam
21227,spam,spam
21235,spam,spam
21240,spam,spam
21256,spam,spam
21260,spam,spam
21262,spam,spam
21263,spam,spam
21266,spam,spam
21293,spam,spam
21299,spam,spam
21311,spam,spam
21324,spam,spam
21328,spam,spam
21356,spam,spam
21360,spam,spam
21366,spam,spam
21374,spam,spam
21379,spam,spam
21396,spam,spam
21397,spam,spam
21405,spam,spam
21407,spam,spam
21409,spam,spam
21411,spam,spam
21435,spam,spam
21438,spam,spam
21482,spam,spam
21486,spam,spam
21515,spam,spam
21517,spam,spam
21564,spam,spam
21571,spam,spam
21578,spam,spam
21584,spam,spam
21587,spam,spam
21646,spam,spam
21647,spam,spam
21649,spam,spam
21650,spam,spam
21654,spam,spam
21668,spam,spam
21669,spam,spam
21673,spam,spam
21675,spam,spam
21690,spam,spam
21708,spam,spam
21713,spam,spam
21715,spam,spam
21719,spam,spam
21726,spam,spam
21752,spam,spam
21762,spam,spam
21763,spam,spam
21779,spam,spam
21784,spam,spam
21793,spam,spam
21798,spam,spam
21802,spam,spam
21814,spam,spam
21831,spam,spam
21834,spam,spam
21861,spam,spam
21883,spam,spam
21893,spam,spam
21895,spam,spam
21898,spam,spam
21904,spam,spam
21913,spam,spam
21928,spam,spam
21933,spam,spam
21942,spam,spam
21974,spam,spam
21992,spam,spam
21996,spam,spam
21998,spam,spam
22004,spam,spam
22010,spam,spam
22033,spam,spam
22046,spam,spam
22060,spam,spam
22062,spam,spam
22099,spam,spam
22107,spam,spam
22125,spam,spam
22135,spam,spam
22157,spam,spam
22178,spam,spam
22179,spam,spam
22180,spam,spam
22219,spam,spam
22232,spam,spam
22255,spam,spam
22257,spam,spam
22263,spam,spam
22269,spam,spam
22274,spam,spam
22277,spam,spam
22283,spam,spam
22284,spam,spam
22292,spam,spam
22293,spam,spam
22310,spam,spam
22351,spam,spam
22358,spam,spam
22365,spam,spam
22375,spam,spam
22377,spam,spam
22378,spam,spam
22395,spam,spam
22405,spam,spam
22409,spam,spam
22415,spam,spam
22421,spam,spam
22422,spam,spam
22423,spam,spam
22426,spam,spam
22434,spam,spam
22468,spam,spam
22478,spam,spam
22486,spam,spam
22489,spam,spam
22494,spam,ham
22516,spam,ham
22523,spam,ham
22542,ham,ham
22565,ham,ham
22575,ham,ham
22577,ham,ham
22583,ham,ham
22604,ham,ham
22605,ham,ham
22615,ham,ham
22628,ham,ham
22635,ham,ham
22646,ham,ham
22648,ham,ham
22660,ham,ham
22662,ham,ham
22670,ham,ham
22672,ham,ham
22703,ham,ham
22706,ham,ham
22724,ham,ham
22738,ham,ham
22773,ham,ham
22778,ham,ham
22799,ham,ham
22816,ham,ham
22820,ham,ham
22826,ham,ham
22827,ham,ham
22840,ham,ham
22851,ham,ham
22852,ham,ham
22856,ham,ham
22858,ham,ham
22859,ham,ham
22868,ham,ham
22874,ham,ham
22880,ham,ham
22899,ham,ham
22909,ham,ham
22922,ham,ham
22926,ham,ham
22935,ham,ham
22942,ham,ham
22957,ham,ham
22962,ham,ham
22964,ham,ham
22976,ham,ham
22996,ham,ham
23015,ham,ham
23021,ham,ham
23027,ham,ham
23039,ham,ham
23046,ham,ham
23050,ham,ham
23053,ham,ham
23068,ham,ham
23078,ham,ham
23084,ham,ham
23090,ham,ham
23094,ham,ham
23103,ham,ham
23111,ham,ham
23149,ham,ham
23173,ham,ham
23174,ham,ham
23200,ham,ham
23203,ham,ham
23206,ham,ham
23221,ham,ham
23253,ham,ham
23263,ham,ham
23270,ham,ham
23288,ham,ham
23289,ham,ham
23292,ham,ham
23321,ham,ham
23322,ham,ham
23334,ham,ham
23336,ham,ham
23339,ham,ham
23340,ham,ham
23352,ham,ham
23356,ham,ham
23371,ham,ham
23383,ham,ham
23384,ham,ham
23387,ham,ham
23405,ham,ham
23421,ham,ham
23422,ham,ham
23424,ham,ham
23428,ham,ham
23435,ham,ham
23437,ham,ham
23442,ham,ham
23462,ham,ham
23476,ham,ham
23483,ham,ham
23494,ham,ham
23498,ham,ham
23517,ham,ham
23528,ham,ham
23529,ham,ham
23554,ham,ham
23559,ham,ham
23569,ham,ham
23572,ham,ham
23599,ham,ham
23600,ham,ham
23603,ham,ham
23607,ham,ham
23611,ham,ham
23626,ham,ham
23627,ham,ham
23631,ham,ham
23632,ham,ham
23648,ham,ham
23652,ham,ham
23654,ham,ham
23671,ham,ham
23715,ham,ham
23718,ham,ham
23722,ham,ham
23733,ham,ham
23737,ham,ham
23738,ham,spam
23741,ham,ham
23747,ham,ham
23774,ham,ham
23778,ham,ham
23787,ham,ham
23816,ham,ham
23827,ham,ham
23833,ham,ham
23855,ham,ham
23856,ham,ham
23858,ham,ham
23860,ham,ham
23881,ham,ham
23905,ham,ham
23907,ham,ham
23910,ham,ham
23925,ham,ham
23934,ham,ham
23938,ham,ham
23941,ham,ham
23947,ham,ham
23951,ham,ham
23973,ham,ham
23979,ham,ham
23981,ham,ham
23983,ham,ham
23987,ham,ham
23996,ham,ham
24001,ham,ham
24010,ham,ham
24023,ham,spam
24026,ham,spam
24031,ham,spam
24045,spam,spam
24066,spam,spam
24069,spam,spam
24072,spam,spam
24083,spam,spam
24094,spam,spam
24102,spam,spam
24106,spam,spam
24134,spam,spam
24136,spam,spam
24140,spam,spam
24188,spam,spam
24189,spam,spam
24193,spam,spam
24197,spam,spam
24201,spam,spam
24217,spam,spam
24238,spam,spam
24243,spam,spam
24247,spam,spam
24251,spam,spam
24274,spam,spam
24288,spam,spam
24292,spam,spam
24295,spam,spam
24304,spam,spam
24332,spam,spam
24355,spam,spam
24365,spam,spam
24367,spam,spam
24371,spam,spam
24383,spam,spam
24387,spam,spam
24393,spam,spam
24412,spam,spam
24415,spam,spam
24438,spam,spam
24444,spam,spam
24446,spam,spam
24447,spam,spam
24451,spam,spam
24471,spam,spam
24482,spam,spam
24505,spam,ham
24529,spam,spam
24532,spam,spam
24536,spam,spam
24551,spam,spam
24553,spam,spam
24555,spam,spam
24562,spam,spam
24569,spam,spam
24611,spam,spam
24616,spam,spam
24626,spam,spam
24629,spam,spam
24631,spam,spam
24657,spam,spam
24662,spam,spam
24673,spam,spam
24691,spam,spam
24698,spam,spam
24707,spam,spam
24712,spam,spam
24714,spam,spam
24716,spam,spam
24724,spam,spam
24749,spam,spam
24751,spam,spam
24762,spam,spam
24771,spam,spam
24789,spam,spam
24797,spam,spam
24817,spam,spam
24818,spam,spam
24827,spam,spam
24834,spam,spam
24839,spam,spam
24840,spam,spam
24841,spam,spam
24846,spam,spam
24854,spam,spam
24872,spam,spam
24875,spam,spam
24882,spam,ham
24888,spam,spam
24889,spam,spam
24891,spam,spam
24898,spam,spam
24904,spam,spam
24911,spam,spam
24925,spam,spam
24938,spam,spam
24944,spam,spam
24949,spam,spam
24965,spam,spam
24971,spam,spam
24986,spam,spam
24997,spam,spam
25005,spam,spam
25028,spam,spam
25031,spam,spam
25060,spam,spam
25065,spam,spam
25088,spam,spam
25117,spam,spam
25137,spam,spam
25138,spam,spam
25139,spam,spam
25148,spam,spam
25150,spam,spam
25152,spam,spam
25162,spam,spam
25177,spam,spam
25184,spam,spam
25200,spam,spam
25206,spam,spam
25207,spam,spam
25250,spam,spam
25261,spam,spam
25264,spam,spam
25279,spam,spam
25300,spam,spam
25335,spam,spam
25344,spam,spam
25355,spam,spam
25372,spam,spam
25379,spam,spam
25386,spam,spam
25402,spam,spam
25406,spam,spam
25428,spam,spam
25441,spam,spam
25445,spam,spam
25453,spam,spam
25464,spam,spam
25468,spam,spam
25471,spam,spam
25474,spam,spam
25475,spam,spam
25476,spam,spam
25491,spam,spam
25500,spam,spam
25507,spam,spam
25518,spam,spam
25522,spam,spam
25536,spam,spam
25543,spam,spam
25551,spam,spam
25562,spam,spam
25566,spam,spam
25585,spam,spam
25595,spam,spam
25603,spam,spam
25611,spam,spam
25612,spam,spam
25616,spam,spam
25619,spam,spam
25620,spam,spam
25625,spam,spam
25632,spam,spam
25648,spam,spam
25676,spam,spam
25678,spam,spam
25682,spam,spam
25715,spam,spam
25724,spam,spam
25731,spam,spam
25733,spam,spam
25742,spam,spam
25746,spam,spam
25749,spam,spam
25750,spam,spam
25753,spam,spam
25756,spam,spam
25778,spam,spam
25781,spam,spam
25786,spam,spam
25803,spam,ham
25808,spam,spam
25814,spam,spam
25815,spam,spam
25817,spam,spam
25822,spam,spam
25837,spam,spam
25841,spam,spam
25844,spam,spam
25847,spam,spam
25863,spam,spam
25867,spam,spam
25874,spam,spam
25887,spam,spam
25893,spam,spam
25899,spam,spam
25900,spam,spam
25903,spam,spam
25926,spam,spam
25934,spam,spam
25938,spam,spam
25942,spam,spam
25947,spam,spam
25949,spam,spam
25958,spam,spam
25962,spam,spam
25992,spam,spam
26014,spam,spam
26022,spam,spam
26025,spam,spam
26052,spam,spam
26064,spam,spam
26070,spam,spam
26101,spam,spam
26107,spam,spam
26111,spam,spam
26117,spam,spam
26126,spam,spam
26138,spam,spam
26139,spam,spam
26146,spam,spam
26153,spam,spam
26155,spam,spam
26159,spam,spam
26168,spam,spam
26169,spam,spam
26171,spam,spam
26197,spam,spam
26203,spam,spam
26204,spam,spam
26218,spam,spam
26223,spam,spam
26224,spam,spam
26226,spam,spam
26229,spam,spam
26235,spam,spam
26236,spam,spam
26247,spam,spam
26253,spam,spam
26265,spam,spam
26277,spam,spam
26280,spam,spam
26284,spam,spam
26286,spam,spam
26287,spam,spam
26299,spam,spam
26311,spam,spam
26341,spam,spam
26347,spam,spam
26350,spam,spam
26356,spam,spam
26359,spam,spam
26372,spam,spam
26377,spam,spam
26379,spam,spam
26386,spam,spam
26402,spam,spam
26407,spam,spam
26424,spam,spam
26429,spam,spam
26432,spam,spam
26436,spam,spam
26451,spam,spam
26462,spam,spam
26469,spam,spam
26479,spam,spam
26488,spam,spam
26505,spam,spam
26506,spam,spam
26507,spam,spam
26523,spam,spam
26525,spam,spam
26532,spam,spam
26542,spam,spam
26546,spam,spam
26554,spam,spam
26558,spam,spam
26559,spam,spam
26566,spam,spam
26567,spam,spam
26586,spam,spam
26587,spam,spam
26591,spam,spam
26595,spam,spam
26598,spam,spam
26608,spam,spam
26610,spam,spam
26637,spam,spam
26648,spam,spam
26663,spam,spam
26684,spam,spam
26694,spam,spam
26712,spam,spam
26719,spam,spam
26738,spam,spam
26764,spam,spam
26780,spam,spam
26793,spam,spam
26794,spam,spam
26795,spam,spam
26814,spam,spam
26818,spam,spam
26824,spam,spam
26825,spam,spam
26832,spam,spam
26838,spam,spam
26864,spam,spam
26872,spam,spam
26874,spam,spam
26878,spam,spam
26884,spam,spam
26887,spam,spam
26896,spam,spam
26897,spam,spam
26912,spam,spam
26924,spam,spam
26926,spam,spam
26927,spam,spam
26933,spam,spam
26951,spam,spam
26958,spam,spam
26961,spam,spam
26987,spam,spam
26999,spam,spam
27002,spam,spam
27003,spam,spam
27008,spam,spam
27010,spam,spam
27011,spam,spam
27015,spam,spam
27038,spam,spam
27041,spam,spam
27051,spam,spam
27056,spam,spam
27082,spam,spam
27102,spam,spam
27122,spam,spam
27128,spam,spam
27147,spam,spam
27151,spam,spam
27160,spam,spam
27161,spam,spam
27163,spam,spam
27185,spam,spam
27187,spam,spam
27196,spam,spam
27207,spam,spam
27224,spam,spam
27236,spam,spam
27240,spam,spam
27245,spam,spam
27261,spam,spam
27263,spam,spam
27285,spam,spam
27293,spam,spam
27306,spam,spam
27321,spam,spam
27322,spam,spam
27326,spam,spam
27328,spam,spam
27342,spam,spam
27349,spam,spam
27368,spam,spam
27373,spam,spam
27387,spam,spam
27424,spam,spam
27428,spam,spam
27445,spam,spam
27452,spam,spam
27459,spam,spam
27476,spam,spam
27493,spam,spam
27494,spam,spam
27497,spam,spam
27507,spam,spam
27510,spam,spam
27521,spam,spam
27550,spam,spam
27562,spam,spam
27567,spam,spam
27572,spam,spam
27576,spam,spam
27583,spam,spam
27602,spam,spam
27612,spam,spam
27613,spam,spam
27620,spam,spam
27622,spam,spam
27624,spam,spam
27625,spam,spam
27631,spam,spam
27633,spam,spam
27637,spam,spam
27645,spam,spam
27647,spam,spam
27649,spam,spam
27656,spam,spam
27672,spam,spam
27676,spam,spam
27677,spam,spam
27678,spam,spam
27681,spam,ham
27693,spam,ham
27705,spam,ham
27717,ham,ham
27718,ham,ham
27735,ham,ham
27738,ham,ham
27747,ham,ham
27749,ham,ham
27750,ham,ham
27762,ham,ham
27764,ham,ham
27780,ham,ham
27783,ham,ham
27790,ham,ham
27793,ham,ham
27803,ham,ham
27813,ham,ham
27827,ham,ham
27844,ham,ham
27845,ham,ham
27854,ham,ham
27856,ham,ham
27858,ham,ham
27859,ham,ham
27868,ham,ham
27869,ham,spam
27888,ham,ham
27897,ham,ham
27911,ham,ham
27913,ham,ham
27925,ham,ham
27943,ham,ham
27957,ham,ham
27960,ham,ham
27988,ham,ham
27989,ham,ham
27991,ham,ham
27994,ham,ham
28005,ham,ham
28006,ham,ham
28010,ham,ham
28013,ham,ham
28015,ham,ham
28023,ham,ham
28026,ham,ham
28073,ham,ham
28081,ham,ham
28087,ham,ham
28103,ham,ham
28112,ham,ham
28131,ham,ham
28134,ham,ham
28147,ham,ham
28173,ham,ham
28176,ham,ham
28188,ham,ham
28202,ham,ham
28205,ham,ham
28209,ham,ham
28214,ham,ham
28219,ham,ham
28226,ham,ham
28239,ham,ham
28242,ham,ham
28259,ham,ham
28265,ham,ham
28266,ham,ham
28270,ham,ham
28326,ham,ham
28327,ham,ham
28347,ham,ham
28383,ham,ham
28385,ham,ham
28389,ham,ham
28392,ham,ham
28411,ham,ham
28414,ham,ham
28421,ham,ham
28429,ham,ham
28430,ham,ham
28445,ham,ham
28449,ham,ham
28457,ham,ham
28466,ham,ham
28471,ham,ham
28479,ham,ham
28493,ham,ham
28494,ham,ham
28504,ham,ham
28545,ham,ham
28562,ham,ham
28570,ham,ham
28588,ham,ham
28591,ham,ham
28597,ham,ham
28615,ham,ham
28627,ham,ham
28633,ham,ham
28643,ham,ham
28652,ham,ham
28655,ham,ham
28676,ham,ham
28679,ham,ham
28701,ham,ham
28706,ham,ham
28708,ham,ham
28710,ham,ham
28711,ham,ham
28721,ham,ham
28734,ham,ham
28740,ham,ham
28742,ham,ham
28745,ham,ham
28746,ham,ham
28754,ham,ham
28757,ham,ham
28761,ham,ham
28774,ham,ham
28793,ham,ham
28801,ham,ham
28814,ham,ham
28816,ham,ham
28831,ham,ham
28835,ham,ham
28839,ham,ham
28844,ham,ham
28859,ham,ham
28871,ham,ham
28873,ham,ham
28878,ham,ham
28881,ham,ham
28893,ham,ham
28905,ham,ham
28912,ham,ham
28913,ham,ham
28921,ham,ham
28923,ham,ham
28932,ham,ham
28937,ham,ham
28947,ham,ham
28950,ham,ham
28951,ham,ham
28958,ham,ham
28965,ham,ham
28977,ham,ham
28985,ham,ham
28995,ham,ham
28997,ham,ham
29005,ham,ham
29010,ham,ham
29020,ham,ham
29038,ham,ham
29047,ham,ham
29054,ham,ham
29065,ham,ham
29075,ham,ham
29076,ham,ham
29078,ham,ham
29085,ham,ham
29098,ham,ham
29101,ham,ham
29105,ham,ham
29123,ham,ham
29134,ham,ham
29146,ham,ham
29149,ham,ham
29162,ham,ham
29193,ham,spam
29207,ham,spam
29212,ham,spam
29218,spam,spam
29234,spam,spam
29240,spam,spam
29242,spam,spam
29251,spam,spam
29287,spam,spam
29298,spam,spam
29305,spam,spam
29310,spam,spam
29349,spam,spam
29367,spam,spam
29370,spam,spam
29397,spam,spam
29404,spam,spam
29416,spam,spam
29420,spam,spam
29430,spam,spam
29459,spam,spam
29461,spam,spam
29477,spam,spam
29478,spam,spam
29480,spam,spam
29483,spam,spam
29499,spam,spam
29504,spam,spam
29524,spam,spam
29545,spam,spam
29554,spam,spam
29571,spam,ham
29576,spam,spam
29583,spam,spam
29611,spam,spam
29626,spam,spam
29630,spam,spam
29637,spam,spam
29653,spam,spam
29670,spam,spam
29675,spam,spam
29685,spam,spam
29711,spam,spam
29718,spam,spam
29727,spam,spam
29729,spam,spam
29734,spam,spam
29745,spam,spam
29751,spam,spam
29757,spam,spam
29774,spam,spam
29781,spam,spam
29799,spam,spam
29812,spam,spam
29822,spam,spam
29830,spam,spam
29857,spam,spam
29861,spam,spam
29868,spam,spam
29872,spam,spam
29873,spam,spam
29874,spam,spam
29889,spam,spam
29904,spam,spam
29914,spam,spam
29921,spam,spam
29925,spam,spam
29928,spam,spam
29956,spam,spam
29975,spam,spam
29977,spam,spam
29989,spam,spam
30037,spam,spam
30047,spam,spam
30064,spam,spam
30085,spam,spam
30096,spam,spam
30099,spam,spam
30103,spam,spam
30107,spam,spam
30115,spam,spam
30118,spam,spam
30120,spam,spam
30138,spam,spam
30146,spam,spam
30157,spam,spam
30165,spam,spam
30171,spam,spam
30172,spam,spam
30199,spam,spam
30201,spam,spam
30206,spam,spam
30207,spam,spam
30219,spam,spam
30220,spam,spam
30222,spam,spam
30224,spam,spam
30229,spam,spam
30234,spam,spam
30251,spam,spam
30266,spam,spam
30276,spam,spam
30285,spam,spam
30286,spam,spam
30289,spam,spam
30292,spam,spam
30298,spam,spam
30311,spam,spam
30323,spam,spam
30372,spam,spam
30380,spam,spam
30389,spam,spam
30393,spam,spam
30400,spam,spam
30414,spam,spam
30418,spam,spam
30420,spam,spam
30425,spam,spam
30446,spam,spam
30477,spam,spam
30498,spam,spam
30502,spam,spam
30515,spam,spam
30521,spam,spam
30527,spam,spam
30533,spam,spam
30540,spam,spam
30543,spam,spam
30544,spam,spam
30549,spam,spam
30551,spam,spam
30555,spam,spam
30557,spam,spam
30573,spam,spam
30601,spam,spam
30616,spam,spam
30627,spam,spam
30632,spam,spam
30634,spam,spam
30656,spam,spam
30661,spam,spam
30669,spam,spam
30679,spam,spam
30680,spam,spam
30689,spam,spam
30692,spam,spam
30695,spam,spam
30703,spam,spam
30728,spam,spam
30729,spam,spam
30733,spam,spam
30752,spam,spam
30766,spam,spam
30771,spam,spam
30773,spam,spam
30787,spam,spam
30792,spam,spam
30796,spam,spam
30808,spam,spam
30818,spam,spam
30822,spam,spam
30830,spam,spam
30841,spam,spam
30842,spam,spam
30854,spam,spam
30876,spam,spam
30914,spam,spam
30926,spam,spam
30941,spam,spam
30943,spam,spam
30949,spam,spam
30991,spam,ham
30995,spam,spam
31031,spam,spam
31067,spam,spam
31078,spam,spam
31096,spam,spam
31108,spam,spam
31116,spam,spam
31118,spam,spam
31128,spam,spam
31131,spam,spam
31154,spam,spam
31162,spam,spam
31186,spam,spam
31187,spam,spam
31223,spam,spam
31224,spam,spam
31226,spam,spam
31232,spam,spam
31242,spam,spam
31247,spam,spam
31249,spam,spam
31261,spam,spam
31272,spam,spam
31278,spam,spam
31287,spam,spam
31327,spam,spam
31337,spam,spam
31354,spam,spam
31366,spam,spam
31369,spam,spam
31384,spam,spam
31386,spam,spam
31392,spam,spam
31400,spam,spam
31431,spam,spam
31433,spam,spam
31449,spam,spam
31452,spam,spam
31458,spam,spam
31461,spam,spam
31476,spam,spam
31486,spam,spam
31488,spam,spam
31493,spam,spam
31509,spam,spam
31512,spam,spam
31513,spam,spam
31515,spam,spam
31526,spam,ham
31527,spam,spam
31539,spam,spam
31584,spam,spam
31594,spam,spam
31608,spam,spam
31620,spam,spam
31625,spam,spam
31649,spam,spam
31658,spam,spam
31659,spam,spam
31677,spam,spam
31678,spam,spam
31681,spam,spam
31696,spam,spam
31730,spam,spam
31739,spam,spam
31745,spam,spam
31765,spam,spam
31788,spam,spam
31789,spam,spam
31792,spam,spam
31794,spam,spam
31806,spam,spam
31818,spam,spam
31819,spam,spam
31824,spam,spam
31838,spam,spam
31840,spam,spam
31847,spam,ham
31876,spam,spam
31882,spam,spam
31894,spam,spam
31903,spam,spam
31905,spam,ham
31911,spam,spam
31913,spam,spam
31920,spam,spam
31926,spam,spam
31937,spam,spam
31945,spam,spam
31951,spam,spam
31957,spam,spam
31970,spam,spam
31974,spam,spam
31976,spam,spam
31991,spam,spam
31994,spam,spam
31998,spam,spam
32000,spam,spam
32007,spam,spam
32008,spam,spam
32030,spam,spam
32044,spam,spam
32066,spam,spam
32086,spam,spam
32089,spam,spam
32100,spam,spam
32101,spam,spam
32112,spam,spam
32119,spam,spam
32128,spam,spam
32129,spam,spam
32132,spam,spam
32142,spam,spam
32143,spam,spam
32148,spam,spam
32171,spam,spam
32183,spam,spam
32193,spam,spam
32206,spam,spam
32220,spam,spam
32224,spam,spam
32230,spam,spam
32232,spam,spam
32237,spam,spam
32243,spam,spam
32271,spam,spam
32276,spam,spam
32277,spam,spam
32307,spam,spam
32331,spam,spam
32336,spam,spam
32350,spam,spam
32351,spam,spam
32356,spam,spam
32363,spam,spam
32364,spam,spam
32376,spam,spam
32381,spam,spam
32394,spam,spam
32402,spam,spam
32405,spam,spam
32416,spam,spam
32419,spam,spam
32454,spam,spam
32457,spam,spam
32487,spam,spam
32501,spam,spam
32506,spam,spam
32521,spam,spam
32537,spam,spam
32544,spam,spam
32545,spam,spam
32551,spam,spam
32571,spam,spam
32572,spam,spam
32591,spam,spam
32621,spam,spam
32635,spam,spam
32649,spam,spam
32653,spam,spam
32654,spam,spam
32665,spam,spam
32668,spam,spam
32679,spam,spam
32693,spam,spam
32694,spam,spam
32700,spam,spam
32711,spam,spam
32717,spam,spam
32727,spam,spam
32733,spam,spam
32738,spam,spam
32761,spam,spam
32764,spam,spam
32766,spam,spam
32817,spam,spam
32825,spam,spam
32832,spam,spam
32838,spam,spam
32840,spam,spam
32868,spam,spam
32869,spam,spam
32870,spam,spam
32890,spam,spam
32891,spam,spam
32892,spam,spam
32897,spam,spam
32923,spam,spam
32936,spam,spam
32937,spam,spam
32957,spam,spam
32971,spam,spam
32973,spam,spam
32974,spam,spam
32978,spam,spam
32982,spam,spam
32983,spam,spam
32984,spam,spam
32987,spam,spam
33000,spam,spam
33005,spam,spam
33009,spam,spam
33016,spam,spam
33027,spam,spam
33033,spam,spam
33036,spam,spam
33050,spam,spam
33057,spam,spam
33066,spam,spam
33068,spam,spam
33089,spam,spam
33095,spam,spam
33119,spam,spam
33126,spam,spam
33128,spam,spam
33134,spam,spam
33155,spam,spam
33156,spam,spam
33160,spam,spam
33161,spam,spam
33175,spam,spam
33195,spam,spam
33199,spam,spam
33204,spam,spam
33209,spam,spam
33273,spam,spam
33279,spam,spam
33282,spam,spam
33301,spam,spam
33317,spam,spam
33334,spam,spam
33354,spam,spam
33400,spam,spam
33418,spam,spam
33419,spam,spam
33429,spam,spam
33431,spam,spam
33433,spam,spam
33436,spam,spam
33443,spam,spam
33449,spam,spam
33464,spam,spam
33472,spam,spam
33475,spam,spam
33477,spam,spam
33478,spam,spam
33486,spam,spam
33494,spam,spam
33501,spam,spam
33507,spam,spam
33514,spam,spam
33526,spam,spam
33535,spam,spam
33544,spam,spam
33554,spam,spam
33555,spam,spam
33564,spam,spam
33569,spam,spam
33572,spam,spam
33575,spam,spam
33578,spam,spam
33580,spam,spam
33582,spam,spam
33596,spam,spam
33607,spam,spam
33617,spam,spam
33618,spam,spam
33624,spam,spam
33634,spam,spam
33653,spam,spam
33659,spam,spam
33660,spam,spam
33662,spam,spam
33682,spam,spam
33683,spam,spam
33686,spam,spam
33689,spam,
33694,spam,
33700,spam,
